,apparent_zenith,zenith,apparent_elevation,elevation,azimuth,equation_of_time
2024-07-01 00:23:00+08:00,134.57917013658965,134.57917013658965,-44.57917013658965,-44.57917013658965,358.6732987204224,-3.8236764434477664
2024-07-01 00:33:00+08:00,134.56804569954784,134.56804569954784,-44.568045699547824,-44.568045699547824,1.9008339676179276,-3.825026822880318
2024-07-01 00:43:00+08:00,134.42690369062882,134.42690369062882,-44.42690369062883,-44.42690369062883,5.118122451036868,-3.8263770124394796
2024-07-01 00:53:00+08:00,134.1569473523475,134.1569473523475,-44.15694735234749,-44.15694735234749,8.307982889918549,-3.8277270119288005
2024-07-01 01:03:00+08:00,133.7604376965662,133.7604376965662,-43.7604376965662,-43.7604376965662,11.45415003825076,-3.8290768211809336
2024-07-01 01:13:00+08:00,133.24060149255033,133.24060149255033,-43.24060149255032,-43.24060149255032,14.541767376991288,-3.830426440181327
2024-07-01 01:23:00+08:00,132.60150615495922,132.60150615495922,-42.60150615495923,-42.60150615495923,17.55777075598911,-3.831775868704426
2024-07-01 01:33:00+08:00,131.84791227922395,131.84791227922395,-41.847912279223955,-41.847912279223955,20.491143626167116,-3.8331251066410914
2024-07-01 01:43:00+08:00,130.98511534571765,130.98511534571765,-40.98511534571766,-40.98511534571766,23.33304023942094,-3.8344741537584923
2024-07-01 01:53:00+08:00,130.01878696083344,130.01878696083344,-40.01878696083345,-40.01878696083345,26.076788395027734,-3.8358230101148365
2024-07-01 02:03:00+08:00,128.95482544721435,128.95482544721435,-38.95482544721435,-38.95482544721435,28.717789256403307,-3.8371716754772933
2024-07-01 02:13:00+08:00,127.79922115401851,127.79922115401851,-37.79922115401852,-37.79922115401852,31.253343671966263,-3.8385201497076196
2024-07-01 02:23:00+08:00,126.55794134487023,126.55794134487023,-36.55794134487023,-36.55794134487023,33.682428699578566,-3.839868432711228
2024-07-01 02:33:00+08:00,125.23683604438062,125.23683604438062,-35.23683604438062,-35.23683604438062,36.00544976735017,-3.841216524313495
2024-07-01 02:43:00+08:00,123.84156476722424,123.84156476722424,-33.841564767224234,-33.841564767224234,38.22398827888031,-3.842564424419834
2024-07-01 02:53:00+08:00,122.37754267525747,122.37754267525747,-32.37754267525748,-32.37754267525748,40.34055961301539,-3.8439121328192414
2024-07-01 03:03:00+08:00,120.84990390506873,120.84990390506873,-30.84990390506873,-30.84990390506873,42.35839149484468,-3.8452596495044418
2024-07-01 03:13:00+08:00,119.2634795219054,119.2634795219054,-29.263479521905396,-29.263479521905396,44.28122830167297,-3.8466069740825333
2024-07-01 03:23:00+08:00,117.6227867420902,117.6227867420902,-27.622786742090206,-27.622786742090206,46.11316434966369,-3.8479541067572427
2024-07-01 03:33:00+08:00,115.93202846664536,115.93202846664536,-25.932028466645356,-25.932028466645356,47.858504077993814,-3.849301047230256
2024-07-01 03:43:00+08:00,114.19509871208965,114.19509871208965,-24.19509871208964,-24.19509871208964,49.521649930717615,-3.8506477953778813
2024-07-01 03:53:00+08:00,112.41559357477547,112.41559357477547,-22.415593574775468,-22.415593574775468,51.107013283021615,-3.851994351069152
2024-07-01 04:03:00+08:00,110.59682549496694,110.59682549496694,-20.59682549496693,-20.59682549496693,52.618946073839254,-3.8533407141585485
2024-07-01 04:13:00+08:00,108.74183964037042,108.74183964037042,-18.74183964037042,-18.74183964037042,54.061689830922944,-3.854686884515104
2024-07-01 04:23:00+08:00,106.85343142492158,106.85343142492158,-16.853431424921588,-16.853431424921588,55.43933905674692,-3.8560328620296787
2024-07-01 04:33:00+08:00,104.93416441301024,104.93416441301024,-14.934164413010233,-14.934164413010233,56.755816241255275,-3.857378646534926
2024-07-01 04:43:00+08:00,102.98638819996955,102.98638819996955,-12.986388199969554,-12.986388199969554,58.01485602366455,-3.8587242378052906
2024-07-01 04:53:00+08:00,101.01225510295755,101.01225510295755,-11.01225510295755,-11.01225510295755,59.21999696415355,-3.8600696359426365
2024-07-01 05:03:00+08:00,99.01373736741607,99.01373736741607,-9.013737367416066,-9.013737367416066,60.37457797526338,-3.861414840663201
2024-07-01 05:13:00+08:00,96.99264212680501,96.99264212680501,-6.992642126805005,-6.992642126805005,61.48173970655148,-3.862759851865121
2024-07-01 05:23:00+08:00,94.95062598069308,94.95062598069308,-4.950625980693073,-4.950625980693073,62.54442849082801,-3.8641046693810495
2024-07-01 05:33:00+08:00,92.88920838170633,92.88920838170633,-2.8892083817063186,-2.8892083817063186,63.565402473184406,-3.8654492931018467
2024-07-01 05:43:00+08:00,90.20046652926503,90.80978396640779,-0.20046652926503183,-0.8097839664077905,64.54723913622149,-3.8667937228965457
2024-07-01 05:53:00+08:00,88.3803314492443,88.71363386153384,1.6196685507557094,1.2863661384661678,65.49234367702081,-3.868137958612351
2024-07-01 06:03:00+08:00,86.39272193728671,86.6019360138611,3.60727806271329,3.398063986138895,66.40295781713576,-3.869482000125572
2024-07-01 06:13:00+08:00,84.32758806585665,84.47577474501482,5.672411934143361,5.5242252549851765,67.28116866894908,-3.8708258472324815
2024-07-01 06:23:00+08:00,82.22290020488008,82.33614873764229,7.777099795119929,7.663851262357706,68.12891776665998,-3.8721694999549072
2024-07-01 06:33:00+08:00,80.09303893601239,80.1839796596876,9.906961063987605,9.816020340312404,68.94800920329055,-3.873512958030915
2024-07-01 06:43:00+08:00,77.9445616509554,78.0201186401408,12.055438349044604,11.979881359859208,69.74011791493109,-3.8748562214095728
2024-07-01 06:53:00+08:00,75.78101882869012,75.84535279529261,14.218981171309872,14.154647204707393,70.5067971204304,-3.876199289901706
2024-07-01 07:03:00+08:00,73.60462151436832,73.66041101446719,16.39537848563169,16.339588985532814,71.24948519116043,-3.877542163383623
2024-07-01 07:13:00+08:00,71.41690568270316,71.46596919740661,18.58309431729684,18.534030802593392,71.96951182372243,-3.8788848417025292
2024-07-01 07:23:00+08:00,69.21902994839655,69.26265500385276,20.78097005160345,20.737344996147236,72.66810344771062,-3.8802273247783887
2024-07-01 07:33:00+08:00,67.01192251929129,67.05105215747527,22.988077480708714,22.94894784252473,73.3463878021426,-3.8815696124220267
2024-07-01 07:43:00+08:00,64.79636002596914,64.83170450018957,25.203639974030857,25.16829549981043,74.00539755577609,-3.8829117044369923
2024-07-01 07:53:00+08:00,62.57301211585121,62.60511894301234,27.426987884148783,27.394881056987654,74.64607313288684,-3.8842536008087336
2024-07-01 08:03:00+08:00,60.342469960007335,60.37176958455429,29.657530039992665,29.628230415445707,75.26926395179527,-3.8855953014353872
2024-07-01 08:13:00+08:00,58.10526350427411,58.132100054376615,31.894736495725887,31.867899945623385,75.87572878062684,-3.8869368060913985
2024-07-01 08:23:00+08:00,55.8618737487983,55.88652634404361,34.1381262512017,34.11347365595639,76.46613430039241,-3.8882781146458
2024-07-01 08:33:00+08:00,53.61274138453859,53.63543926282298,36.38725861546141,36.36456073717702,77.04105180796836,-3.8896192269894527
2024-07-01 08:43:00+08:00,51.358273205202,51.37920669384521,38.641726794798,38.62079330615479,77.6009515507223,-3.8909601429622853
2024-07-01 08:53:00+08:00,49.09884705275932,49.11817567695946,40.90115294724068,40.88182432304054,78.14619404677512,-3.8923008624478825
2024-07-01 09:03:00+08:00,46.83481576676979,46.85267434334857,43.16518423323021,43.14732565665143,78.67701748207742,-3.893641385315277
2024-07-01 09:13:00+08:00,44.566510597429584,44.583013883265025,45.433489402570416,45.416986116734975,79.19351985607483,-3.8949817113098106
2024-07-01 09:23:00+08:00,42.29424336998882,42.3094896550708,47.70575663001118,47.6905103449292,79.69563421811836,-3.8963218405115185
2024-07-01 09:33:00+08:00,40.01830984160974,40.03238376043785,49.98169015839026,49.96761623956215,80.18309374389378,-3.89766177268757
2024-07-01 09:43:00+08:00,37.73899132114762,37.75196607551376,52.26100867885238,52.24803392448624,80.65538327449525,-3.8990015076778946
2024-07-01 09:53:00+08:00,35.45655694264626,35.468496076324385,54.54344305735374,54.531503923675615,81.11167060361743,-3.90034104539518
2024-07-01 10:03:00+08:00,33.17126579261156,33.182224620447165,56.82873420738844,56.817775379552835,81.55070808963364,-3.901680385628424
2024-07-01 10:13:00+08:00,30.88336918269252,30.893395950225013,59.11663081730748,59.10660404977499,81.97068918012485,-3.903019528333971
2024-07-01 10:23:00+08:00,28.59311326519728,28.602250096015645,61.40688673480272,61.397749903984355,82.36903457356573,-3.9043584733226453
2024-07-01 10:33:00+08:00,26.300742302448832,26.309025976774834,63.69925769755117,63.690974023225166,82.74206506220884,-3.9056972204416525
2024-07-01 10:43:00+08:00,24.006503271891305,24.01396586994204,65.9934967281087,65.98603413005796,83.08448516663918,-3.9070357695018174
2024-07-01 10:53:00+08:00,21.710651841485983,21.71732127756404,68.28934815851402,68.28267872243596,83.38853756838319,-3.908374120561348
2024-07-01 11:03:00+08:00,19.413463873676235,19.419364342606258,70.58653612632376,70.58063565739374,83.64255518254396,-3.909712273380137
2024-07-01 11:13:00+08:00,17.11525320442503,17.120405557643082,72.88474679557497,72.87959444235692,83.82834561639265,-3.911050227812666
2024-07-01 11:23:00+08:00,14.816406563690833,14.820828632299168,75.18359343630917,75.17917136770083,83.91614084459263,-3.9123879836915876
2024-07-01 11:33:00+08:00,12.517455810784938,12.521162696150725,77.48254418921506,77.47883730384928,83.85398913888253,-3.9137255409368663
2024-07-01 11:43:00+08:00,10.219246638965757,10.222251006795915,79.78075336103424,79.77774899320409,83.54287085862973,-3.915062899373879
2024-07-01 11:53:00+08:00,7.923399114085996,7.925711583723185,82.076600885914,82.07428841627681,82.76873966851008,-3.9164000589080388
2024-07-01 12:03:00+08:00,5.6338883653813525,5.6355183283456824,84.36611163461865,84.36448167165432,80.97001571922789,-3.917737019357446
2024-07-01 12:13:00+08:00,3.3650315970821083,3.365990352503715,86.63496840291789,86.63400964749628,76.07535408002434,-3.919073780554754
2024-07-01 12:23:00+08:00,1.2387403150316771,1.2390727786751938,88.76125968496832,88.7609272213248,51.33851573587049,-3.920410342470859
2024-07-01 12:33:00+08:00,1.5417180498164953,1.5421396605502053,88.4582819501835,88.4578603394498,300.23903011749724,-3.92174670494569
2024-07-01 12:43:00+08:00,3.72162957338206,3.722693571964868,86.27837042661794,86.27730642803513,282.6887332327159,-3.9230828678118996
2024-07-01 12:53:00+08:00,5.996005050749588,5.9977425574497545,84.00399494925041,84.00225744255025,278.6044964228453,-3.924418830931245
2024-07-01 13:03:00+08:00,8.287055052674035,8.289476556521151,81.71294494732597,81.71052344347885,277.03768329429204,-3.9257545941800345
2024-07-01 13:13:00+08:00,10.583514472385986,10.58662946558232,79.41648552761401,79.41337053441768,276.3602362313401,-3.9270901573981973
2024-07-01 13:23:00+08:00,12.88200514325473,12.88582453954885,77.11799485674527,77.11417546045115,276.09845958337,-3.928425520498422
2024-07-01 13:33:00+08:00,15.181086723328406,15.18562355936784,74.8189132766716,74.81437644063216,276.06492277265704,-3.9297606832915335
2024-07-01 13:43:00+08:00,17.47998222992983,17.48525202809499,72.52001777007017,72.51474797190501,276.17086689721856,-3.931095645602909
2024-07-01 13:53:00+08:00,19.778190868349114,19.784211926828746,70.22180913165089,70.21578807317125,276.3689724143919,-3.932430407439824
2024-07-01 14:03:00+08:00,22.075340961318318,22.082134648163986,67.92465903868168,67.91786535183601,276.6318105449574,-3.9337649685694487
2024-07-01 14:13:00+08:00,24.371126686545523,24.37871777025515,65.62887331345448,65.62128222974485,276.9424738906728,-3.935099328875367
2024-07-01 14:23:00+08:00,26.665276679853356,26.67369371583881,63.334723320146644,63.32630628416119,277.2900492301882,-3.93643348824844
2024-07-01 14:33:00+08:00,28.95753727537401,28.9668130653319,61.04246272462599,61.0331869346681,277.6672455498027,-3.9377674464922165
2024-07-01 14:43:00+08:00,31.247662742191288,31.257834884630547,58.75233725780871,58.74216511536945,278.0690689003825,-3.9391012035193853
2024-07-01 14:53:00+08:00,33.53540912571723,33.5465206794318,56.46459087428277,56.4534793205682,278.4920424797779,-3.940434759162599
2024-07-01 15:03:00+08:00,35.820530034063815,35.832630321811735,54.179469965936185,54.167369678188265,278.933727414715,-3.941768113298167
2024-07-01 15:13:00+08:00,38.102773348473576,38.115918935725105,51.897226651526424,51.884081064274895,279.39241748379413,-3.943101265729638
2024-07-01 15:23:00+08:00,40.381879292303175,40.39613518687644,49.618120707696825,49.60386481312356,279.8669388343285,-3.9444342164570116
2024-07-01 15:33:00+08:00,42.657577276042865,42.67301840783172,47.342422723957135,47.32698159216828,280.3565148310312,-3.945766965240182
2024-07-01 15:43:00+08:00,44.929584391242045,44.9462974526287,45.070415608757955,45.0537025473713,280.86067333959244,-3.947099512028217
2024-07-01 15:53:00+08:00,47.19760312991995,47.215688884418796,42.80239687008005,42.784311115581204,281.37918173527345,-3.94843185658101
2024-07-01 16:03:00+08:00,49.46131912883034,49.4808953356622,40.53868087116966,40.5191046643378,281.9120008502879,-3.9497639988258015
2024-07-01 16:13:00+08:00,51.72039868393233,51.74160384348997,38.27960131606767,38.25839615651003,282.45925204562144,-3.9510959386389004
2024-07-01 16:23:00+08:00,53.974485909501354,53.99748411879295,36.025514090498646,36.00251588120705,283.02119358961966,-3.952427675787476
2024-07-01 16:33:00+08:00,56.223199384691355,56.24818671767998,33.776800615308645,33.75181328232002,283.59820377506765,-3.953759210264252
2024-07-01 16:43:00+08:00,58.46612791735946,58.493340937172576,31.533872082640546,31.506659062827424,284.19076897627104,-3.9550905417418107
2024-07-01 16:53:00+08:00,60.70282599983461,60.73255331130122,29.29717400016539,29.267446688698783,284.79947566459344,-3.9564216703511192
2024-07-01 17:03:00+08:00,62.93280619369666,62.96540442477068,27.067193806303337,27.034595575229318,285.4250049236854,-3.957752595808415
2024-07-01 17:13:00+08:00,65.15553062854393,65.19144702930322,24.844469371456068,24.80855297069678,286.06812964667586,-3.9590833179681795
2024-07-01 17:23:00+08:00,67.37039796608295,67.41020317346198,22.62960203391706,22.589796826538016,286.72971338162307,-3.9604138367139967
2024-07-01 17:33:00+08:00,69.57672429430968,69.62116122677367,20.423275705690312,20.378838773226335,287.41071074505544,-3.9617441519076237
2024-07-01 17:43:00+08:00,71.7737132881865,71.82377260769982,18.2262867118135,18.17622739230018,288.1121691302547,-3.9630742634108174
2024-07-01 17:53:00+08:00,73.96040689399939,74.01744818460794,16.03959310600061,15.98255181539206,288.835231540963,-3.964404171121714
2024-07-01 18:03:00+08:00,76.13559850675784,76.20155431556158,13.864401493242163,13.79844568443842,289.58114042501984,-3.965733874865691
2024-07-01 18:13:00+08:00,78.2976685795146,78.37540833234964,11.70233142048539,11.624591667650364,290.35124235626984,-3.9670633744099177
2024-07-01 18:23:00+08:00,80.44424744094127,80.53827430300835,9.555752559058728,9.461725696991651,291.1469938025951,-3.9683926698053256
2024-07-01 18:33:00+08:00,82.57144691233597,82.68935683628202,7.428553087664029,7.31064316371799,291.9699671340665,-3.969721760855464
2024-07-01 18:43:00+08:00,84.671891521864,84.8277957908929,5.328108478136008,5.172204209107087,292.8218578394503,-3.9710506473347778
2024-07-01 18:53:00+08:00,86.72888683321082,86.952659643802,3.2711131667891724,3.0473403561980024,293.7044921110625,-3.9723793292214395
2024-07-01 19:03:00+08:00,88.69723119300359,89.06293833285582,1.3027688069964172,0.9370616671441835,294.61983502091306,-3.9737078063262743
2024-07-01 19:13:00+08:00,91.1575353635526,91.1575353635526,-1.1575353635526031,-1.1575353635526031,295.5699991304532,-3.975036078474659
2024-07-01 19:23:00+08:00,93.23525911407329,93.23525911407329,-3.2352591140732883,-3.2352591140732883,296.5572533931722,-3.97636414563749
2024-07-01 19:33:00+08:00,95.29481327251952,95.29481327251952,-5.294813272519526,-5.294813272519526,297.5840321624448,-3.9776920075601083
2024-07-01 19:43:00+08:00,97.33478620595311,97.33478620595311,-7.334786205953104,-7.334786205953104,298.65294398117925,-3.9790196640678914
2024-07-01 19:53:00+08:00,99.35364002187939,99.35364002187939,-9.35364002187939,-9.35364002187939,299.7667802581648,-3.980347115211771
2024-07-01 20:03:00+08:00,101.34969722359833,101.34969722359833,-11.349697223598326,-11.349697223598326,300.92852231281245,-3.981674360722536
2024-07-01 20:13:00+08:00,103.32112767187783,103.32112767187783,-13.321127671877834,-13.321127671877834,302.14134765877384,-3.98300140054198
2024-07-01 20:23:00+08:00,105.26593378746392,105.26593378746392,-15.265933787463917,-15.265933787463917,303.4086337279715,-3.984328234451823
2024-07-01 20:33:00+08:00,107.18193486024012,107.18193486024012,-17.181934860240126,-17.181934860240126,304.7339585378928,-3.985654862386582
2024-07-01 20:43:00+08:00,109.06675041766607,109.06675041766607,-19.06675041766607,-19.06675041766607,306.12109707031436,-3.986981284164358
2024-07-01 20:53:00+08:00,110.91778282042588,110.91778282042588,-20.917782820425877,-20.917782820425877,307.57401192387425,-3.988307499610528
2024-07-01 21:03:00+08:00,112.73219935412256,112.73219935412256,-22.732199354122557,-22.732199354122557,309.0968364868378,-3.989633508666884
2024-07-01 21:13:00+08:00,114.50691410011714,114.50691410011714,-24.50691410011714,-24.50691410011714,310.6938484194165,-3.9909593110569404
2024-07-01 21:23:00+08:00,116.23857086318961,116.23857086318961,-26.2385708631896,-26.2385708631896,312.3694316356597,-3.99228490684618
2024-07-01 21:33:00+08:00,117.92352615616508,117.92352615616508,-27.923526156165074,-27.923526156165074,314.12802235861216,-3.9936102958163247
2024-07-01 21:43:00+08:00,119.55783565566625,119.55783565566625,-29.557835655666246,-29.557835655666246,315.974038301258,-3.9949354777490953
2024-07-01 21:53:00+08:00,121.13724366668407,121.13724366668407,-31.137243666684068,-31.137243666684068,317.9117861513504,-3.996260452651768
2024-07-01 22:03:00+08:00,122.65717797686929,122.65717797686929,-32.6571779768693,-32.6571779768693,319.9453448615918,-3.9975852202551323
2024-07-01 22:13:00+08:00,124.11275199698494,124.11275199698494,-34.11275199698495,-34.11275199698495,322.07842199413017,-3.9989097805082565
2024-07-01 22:23:00+08:00,125.4987765293666,125.4987765293666,-35.498776529366594,-35.498776529366594,324.31418147717113,-4.000234133229242
2024-07-01 22:33:00+08:00,126.80978378492821,126.80978378492821,-36.809783784928214,-36.809783784928214,326.6550428748555,-4.001558278272569
2024-07-01 22:43:00+08:00,128.0400663138059,128.0400663138059,-38.04006631380591,-38.04006631380591,329.1024547007323,-4.0028822154708905
2024-07-01 22:53:00+08:00,129.1837339788445,129.1837339788445,-39.1837339788445,-39.1837339788445,331.65664903854145,-4.004205944795103
2024-07-01 23:03:00+08:00,130.23478995139757,130.23478995139757,-40.23478995139758,-40.23478995139758,334.3163857207461,-4.00552946604148
2024-07-01 23:13:00+08:00,131.1872286999973,131.1872286999973,-41.1872286999973,-41.1872286999973,337.0787051537916,-4.006852779129986
2024-07-01 23:23:00+08:00,132.035154631886,132.035154631886,-42.035154631886,-42.035154631886,339.9387082328044,-4.008175883813237
2024-07-01 23:33:00+08:00,132.77291987028437,132.77291987028437,-42.77291987028436,-42.77291987028436,342.88938933358196,-4.009498780069407
2024-07-01 23:43:00+08:00,133.3952766917366,133.3952766917366,-43.39527669173659,-43.39527669173659,345.9215491922633,-4.010821467614733
2024-07-01 23:53:00+08:00,133.89753767394689,133.89753767394689,-43.89753767394687,-43.89753767394687,349.0238131231523,-4.012143946500146
2024-07-02 00:03:00+08:00,134.27573423543691,134.27573423543691,-44.275734235436914,-44.275734235436914,352.18277404233527,-4.013466216434608
2024-07-02 00:13:00+08:00,134.5267625359176,134.5267625359176,-44.526762535917605,-44.526762535917605,355.38326885245465,-4.014788277243497
2024-07-02 00:23:00+08:00,134.64850525645772,134.64850525645772,-44.64850525645773,-44.64850525645773,358.6087837561154,-4.016110128977743
2024-07-02 00:33:00+08:00,134.63991841146932,134.63991841146932,-44.63991841146933,-44.63991841146933,1.8419633189571982,-4.017431771426345
2024-07-02 00:43:00+08:00,134.50107544259126,134.50107544259126,-44.50107544259126,-44.50107544259126,5.065190787418146,-4.018753204414679
2024-07-02 00:53:00+08:00,134.23316406736078,134.23316406736078,-44.233164067360775,-44.233164067360775,8.261189318014203,-4.020074427804502
2024-07-02 01:03:00+08:00,133.83843630700017,133.83843630700017,-43.83843630700018,-43.83843630700018,11.4135948993503,-4.021395441457571
2024-07-02 01:13:00+08:00,133.3201164834982,133.3201164834982,-43.32011648349819,-43.32011648349819,14.507454626982167,-4.022716245301126
2024-07-02 01:23:00+08:00,132.6822756893098,132.6822756893098,-42.682275689309805,-42.682275689309805,17.529615285644923,-4.024036839145992
2024-07-02 01:33:00+08:00,131.92968356086723,131.92968356086723,-41.929683560867225,-41.929683560867225,20.4689824194258,-4.025357222832099
2024-07-02 01:43:00+08:00,131.0676489912151,131.0676489912151,-41.06764899121508,-41.06764899121508,23.31664602445693,-4.026677396170271
2024-07-02 01:53:00+08:00,130.1018602716861,130.1018602716861,-40.101860271686085,-40.101860271686085,26.06588442409509,-4.0279973591677845
2024-07-02 02:03:00+08:00,129.0382345841856,129.0382345841856,-39.038234584185616,-39.038234584185616,28.712064001537442,-4.02931711164274
2024-07-02 02:13:00+08:00,127.8827823013862,127.8827823013862,-37.8827823013862,-37.8827823013862,31.25246450043909,-4.030636653384136
2024-07-02 02:23:00+08:00,126.64149100907477,126.64149100907477,-36.64149100907476,-36.64149100907476,33.68605389463596,-4.031955984348315
2024-07-02 02:33:00+08:00,125.32023065638744,125.32023065638744,-35.32023065638744,-35.32023065638744,36.013238564667574,-4.033275104316999
2024-07-02 02:43:00+08:00,123.92467976472915,123.92467976472915,-33.92467976472914,-33.92467976472914,38.23560882784329,-4.034594013195601
2024-07-02 02:53:00+08:00,122.4602712288808,122.4602712288808,-32.460271228880806,-32.460271228880806,40.3556949531544,-4.035912710874982
2024-07-02 03:03:00+08:00,120.932155426536,120.932155426536,-30.932155426536003,-30.932155426536003,42.376743758845805,-4.037231197144138
2024-07-02 03:13:00+08:00,119.34517806933233,119.34517806933233,-29.34517806933233,-29.34517806933233,44.30252140923301,-4.038549471799342
2024-07-02 03:23:00+08:00,117.70386940869578,117.70386940869578,-27.70386940869578,-27.70386940869578,46.13714547773162,-4.0398675349133555
2024-07-02 03:33:00+08:00,116.01244381606396,116.01244381606396,-26.012443816063964,-26.012443816063964,47.884944177589205,-4.041185386238794
2024-07-02 03:43:00+08:00,114.27480530176081,114.27480530176081,-24.274805301760807,-24.274805301760807,49.55034353641514,-4.042503025615588
2024-07-02 03:53:00+08:00,112.49455859342957,112.49455859342957,-22.49455859342957,-22.49455859342957,51.137777821461384,-4.043820452956425
2024-07-02 04:03:00+08:00,110.67502352520773,110.67502352520773,-20.675023525207735,-20.675023525207735,52.65162084285976,-4.045137668043026
2024-07-02 04:13:00+08:00,108.8192515534127,108.8192515534127,-18.819251553412705,-18.819251553412705,54.09613478044321,-4.046454670853564
2024-07-02 04:23:00+08:00,106.93004340094045,106.93004340094045,-16.930043400940452,-16.930043400940452,55.475433477393096,-4.0477714611333795
2024-07-02 04:33:00+08:00,105.0099670838953,105.0099670838953,-15.009967083895308,-15.009967083895308,56.793457434044115,-4.049088038831542
2024-07-02 04:43:00+08:00,103.06137590164005,103.06137590164005,-13.061375901640043,-13.061375901640043,58.053958008199345,-4.050404403671564
2024-07-02 04:53:00+08:00,101.08642522834046,101.08642522834046,-11.086425228340453,-11.086425228340453,59.26048926238093,-4.051720555697102
2024-07-02 05:03:00+08:00,99.0870898117645,99.0870898117645,-9.087089811764498,-9.087089811764498,60.41640449413774,-4.053036494653497
2024-07-02 05:13:00+08:00,97.06517881096997,97.06517881096997,-7.065178810969966,-7.065178810969966,61.52485773871291,-4.054352220511646
2024-07-02 05:23:00+08:00,95.02235044444346,95.02235044444346,-5.022350444443458,-5.022350444443458,62.58880784104008,-4.0556677330168895
2024-07-02 05:33:00+08:00,92.96012543762828,92.96012543762828,-2.9601254376282786,-2.9601254376282786,63.61102471582285,-4.056983032089192
2024-07-02 05:43:00+08:00,90.87989940594001,90.87989940594001,-0.8798994059400045,-0.8798994059400045,64.59409700617738,-4.058298117568484
2024-07-02 05:53:00+08:00,88.4435872734438,88.78295420581952,1.5564127265561987,1.217045794180484,65.54044059491434,-4.05961298931652
2024-07-02 06:03:00+08:00,86.45854344450628,86.67046830277688,3.5414565554937267,3.3295316972231146,66.45230754950683,-4.060927647238714
2024-07-02 06:13:00+08:00,84.39390951455984,84.54352635867603,5.606090485440168,5.456473641323963,67.33179512451011,-4.062242091022199
2024-07-02 06:23:00+08:00,82.28902137083122,82.40312724514457,7.7109786291687765,7.596872754855427,68.18085493146509,-4.063556320761563
2024-07-02 06:33:00+08:00,80.15868965537625,80.25019269029681,9.84131034462375,9.749807309703181,69.00130121864885,-4.064870336238528
2024-07-02 06:43:00+08:00,78.00962323832684,78.0855737766429,11.990376761673158,11.914426223357093,69.79481930427102,-4.066184137307573
2024-07-02 06:53:00+08:00,75.84543435610199,75.91005747883959,14.154565643898014,14.089942521160404,70.56297317766581,-4.0674977238159045
2024-07-02 07:03:00+08:00,73.66836236533064,73.72437246387798,16.331637634669363,16.27562753612201,71.30721254235607,-4.068811095603451
2024-07-02 07:13:00+08:00,71.47995741499027,71.52919434039556,18.520042585009733,18.47080565960444,72.02887918112822,-4.070124252575624
2024-07-02 07:23:00+08:00,69.28138567454492,69.32515041456801,20.718614325455075,20.67484958543198,72.7292125823239,-4.071437194601458
2024-07-02 07:33:00+08:00,67.07357953741194,67.11282400034406,22.92642046258805,22.887175999655938,73.4093547666705,-4.072749921513605
2024-07-02 07:43:00+08:00,64.85731797944538,64.89275847761068,25.142682020554624,25.10724152238932,74.07035420022675,-4.0740624330501305
2024-07-02 07:53:00+08:00,62.63327192373538,62.66546024487738,27.366728076264618,27.33453975512262,74.71316896786146,-4.075374729320174
2024-07-02 08:03:00+08:00,60.402033158532184,60.431402837941775,29.597966841467816,29.56859716205823,75.33866842839694,-4.076686810061801
2024-07-02 08:13:00+08:00,58.164131817046396,58.191029271149205,31.835868182953607,31.808970728850795,75.94763407911068,-4.077998675144045
2024-07-02 08:23:00+08:00,55.92004878790222,55.9447548641626,34.07995121209778,34.0552451358374,76.54075874508237,-4.0793103243922815
2024-07-02 08:33:00+08:00,53.67022442696217,53.69296969083325,36.32977557303783,36.30703030916675,77.11864406321956,-4.080621757711924
2024-07-02 08:43:00+08:00,51.41506501046541,51.43604082501988,38.58493498953459,38.56395917498012,77.68179580220715,-4.081932975001109
2024-07-02 08:53:00+08:00,49.15494770161031,49.17431441125253,40.84505229838969,40.82568558874747,78.23061643975586,-4.08324397601973
2024-07-02 09:03:00+08:00,46.890224501112904,46.90811757857344,43.109775498887096,43.09188242142656,78.76539418444793,-4.084554760695028
2024-07-02 09:13:00+08:00,44.62122564976458,44.6377603828932,45.37877435023542,45.3622396171068,79.28628724604368,-4.085865328801447
2024-07-02 09:23:00+08:00,42.34826177078064,42.36353688368268,47.65173822921936,47.63646311631732,79.79330189059704,-4.087175680360815
2024-07-02 09:33:00+08:00,40.07162718586535,40.085727671151055,49.92837281413465,49.914272328848945,80.2862613076768,-4.0884858151111985
2024-07-02 09:43:00+08:00,37.79160147630241,37.80460083354791,52.20839852369759,52.19539916645209,80.76476233588016,-4.089795732972561
2024-07-02 09:53:00+08:00,35.508451670646075,35.520413692999654,54.491548329353925,54.479586307000346,81.22811396650462,-4.091105433792109
2024-07-02 10:03:00+08:00,33.2224342476926,33.23341446009813,56.7775657523074,56.76658553990187,81.67524919862643,-4.092414917387941
2024-07-02 10:13:00+08:00,30.933797226795093,30.943844052651862,59.06620277320491,59.05615594734814,82.10459642582327,-4.093724183716404
2024-07-02 10:23:00+08:00,28.642782510983366,28.651938224921707,61.357217489016634,61.34806177507829,82.51388770715528,-4.095033232537389
2024-07-02 10:33:00+08:00,26.349628738958124,26.357930249550748,63.650371261041876,63.64206975044925,82.89986545212474,-4.09634206375631
2024-07-02 10:43:00+08:00,24.05457523031346,24.062054726474614,65.94542476968654,65.93794527352539,83.25781959140238,-4.097650677147612
2024-07-02 10:53:00+08:00,21.757866877269322,21.764552364367447,68.24213312273068,68.23544763563255,83.58083003832036,-4.098959072754951
2024-07-02 11:03:00+08:00,19.459763790868266,19.465679538096353,70.54023620913173,70.53432046190365,83.85847025804077,-4.10026725030184
2024-07-02 11:13:00+08:00,17.16055570488352,17.16572262086258,72.83944429511648,72.83427737913742,84.07446729261369,-4.101575209730072
2024-07-02 11:23:00+08:00,14.860590351289659,14.86502630437505,75.13940964871034,75.13497369562495,84.20218793831032,-4.102882950821368
2024-07-02 11:33:00+08:00,12.560331861402176,12.564051963196547,77.43966813859782,77.43594803680345,84.19516915062025,-4.1041904735029675
2024-07-02 11:43:00+08:00,10.26049673464378,10.263513617143317,79.73950326535622,79.73648638285668,83.96493823357059,-4.105497777600249
2024-07-02 11:53:00+08:00,7.962423936116295,7.964748097305588,82.0375760638837,82.03525190269441,83.32055550777761,-4.10680486295314
2024-07-02 12:03:00+08:00,5.66934086190777,5.670981347895008,84.33065913809223,84.32901865210499,81.76225675036358,-4.108111729488883
2024-07-02 12:13:00+08:00,3.392732746276451,3.3936996744343446,86.60726725372355,86.60630032556566,77.45198955912497,-4.109418376916437
2024-07-02 12:23:00+08:00,1.230399355429654,1.2307293651348914,88.76960064457035,88.76927063486511,55.30135109096966,-4.110724805308564
2024-07-02 12:33:00+08:00,1.4677552800417715,1.4681551263131212,88.53224471995823,88.53184487368688,298.58198172080137,-4.112031014425156
2024-07-02 12:43:00+08:00,3.664944617953836,3.665991881798945,86.33505538204616,86.33400811820106,281.6879219041841,-4.113337004098867
2024-07-02 12:53:00+08:00,5.945014445603434,5.946736800587061,84.05498555439657,84.05326319941294,277.9401466565657,-4.114642774242384
2024-07-02 13:03:00+08:00,8.23906922724926,8.241476332494685,81.76093077275074,81.75852366750532,276.54180797309914,-4.115948324710189
2024-07-02 13:13:00+08:00,10.53753979944544,10.540640816431988,79.46246020055456,79.45935918356801,275.9639824556522,-4.117253655298555
2024-07-02 13:23:00+08:00,12.837571331764977,12.841376997373388,77.16242866823502,77.15862300262661,275.7676879211379,-4.118558765985654
2024-07-02 13:33:00+08:00,15.137936795612816,15.142460031856515,74.86206320438718,74.85753996814348,275.7803398411205,-4.119863656509551
2024-07-02 13:43:00+08:00,17.43796238323317,17.44321862724742,72.56203761676683,72.55678137275258,275.9205320166187,-4.121168326710176
2024-07-02 13:53:00+08:00,19.73720339411571,19.74321087390888,70.26279660588429,70.25678912609112,276.1449891402291,-4.12247277663846
2024-07-02 14:03:00+08:00,22.035321388489066,22.042101409758317,67.96467861151093,67.95789859024168,276.4286870612152,-4.123777006010641
2024-07-02 14:13:00+08:00,24.332031604155574,24.339608876717776,65.66796839584443,65.66039112328222,276.75623645930455,-4.125081014710304
2024-07-02 14:23:00+08:00,26.62707677258406,26.635479794150875,63.37292322741594,63.364520205849125,277.11772912866024,-4.126384802657412
2024-07-02 14:33:00+08:00,28.92021311297058,28.929474626541428,61.07978688702942,61.07052537345857,277.5065655607887,-4.127688369597308
2024-07-02 14:43:00+08:00,31.211202118441904,31.22135966118644,58.7887978815581,58.77864033881356,277.9182430186535,-4.128991715493612
2024-07-02 14:53:00+08:00,33.499805315873374,33.510901881070986,56.500194684126626,56.489098118929014,278.3496431114859,-4.1302948401425965
2024-07-02 15:03:00+08:00,35.78578062088156,35.797865460031,54.21421937911844,54.202134539969,278.7985945146858,-4.1315977434496745
2024-07-02 15:13:00+08:00,38.06887941418789,38.082009014031165,51.93112058581211,51.917990985968835,279.2635946872537,-4.132900425152911
2024-07-02 15:23:00+08:00,40.34884485198237,40.36308413214566,49.65115514801763,49.63691586785434,279.7436275017195,-4.134202885310515
2024-07-02 15:33:00+08:00,42.62540887908256,42.64083266941341,47.37459112091744,47.35916733058659,280.23804029410053,-4.135505123682378
2024-07-02 15:43:00+08:00,44.89829084017402,44.914985718208655,45.10170915982598,45.085014281791345,280.7464596586693,-4.1368071401448105
2024-07-02 15:53:00+08:00,47.16719528178044,47.18526187767958,42.83280471821956,42.81473812232042,281.2687325125367,-4.138108934552292
2024-07-02 16:03:00+08:00,49.43180976133656,49.45136567770777,40.56819023866344,40.54863432229223,281.80488443446916,-4.139410506730201
2024-07-02 16:13:00+08:00,51.69180240956387,51.71298596073169,38.30819759043613,38.28701403926831,282.3550899728958,-4.140711856591224
2024-07-02 16:23:00+08:00,53.94681912802824,53.96979418726419,36.05318087197176,36.03020581273581,282.9196514455697,-4.14201298396074
2024-07-02 16:33:00+08:00,56.196480267558385,56.22144263634173,33.803519732441615,33.77855736365827,283.4989838926612,-4.143313888736884
2024-07-02 16:43:00+08:00,58.44037641975636,58.467562324761275,31.559623580243635,31.53243767523873,284.09360454354476,-4.144614570628619
2024-07-02 16:53:00+08:00,60.67806389899536,60.70776152328544,29.321936101004635,29.292238476714555,284.70412592813693,-4.145915029774187
2024-07-02 17:03:00+08:00,62.90905715312876,62.94162258698091,27.09094284687124,27.05837741301909,285.33125125152526,-4.147215265824343
2024-07-02 17:13:00+08:00,65.13282029197586,65.16870008688639,24.86717970802414,24.83129991311361,285.97577227446436,-4.148515278742707
2024-07-02 17:23:00+08:00,67.34875408808935,67.3885179534295,22.651245911910653,22.611482046570504,286.6385687061557,-4.149815068340104
2024-07-02 17:33:00+08:00,69.5561769219062,69.60056651314349,20.443823078093807,20.399433486856502,287.32060906134956,-4.151114634471014
2024-07-02 17:43:00+08:00,71.7542950203459,71.80429922806121,18.245704979654114,18.19570077193878,288.0229527317688,-4.1524139769608155
2024-07-02 17:53:00+08:00,73.94215327503804,73.99912910960549,16.05784672496197,16.000870890394506,288.7467531213646,-4.153713095794956
2024-07-02 18:03:00+08:00,76.11854866116141,76.1844247668208,13.881451338838582,13.815575233179207,289.4932617319256,-4.155011990740604
2024-07-02 18:13:00+08:00,78.28186633939369,78.35950590240179,11.71813366060631,11.640494097598204,290.2638330608928,-4.15631066156493
2024-07-02 18:23:00+08:00,80.4297435605277,80.52363908523813,9.570256439472299,9.476360914761877,291.05993055631683,-4.157609108318866
2024-07-02 18:33:00+08:00,82.55830395918336,82.67603156401766,7.441696040816632,7.323968435982339,291.8831327904654,-4.158907330813236
2024-07-02 18:43:00+08:00,84.66019621027796,84.8158259858366,5.3398037897220405,5.1841740141634105,292.73514082686836,-4.160205328873417
2024-07-02 18:53:00+08:00,86.71878552522345,86.94209377259507,3.281214474776551,3.0579062274049296,293.6177859455609,-4.1615031023393385
2024-07-02 19:03:00+08:00,88.6890268172375,89.05382797062623,1.3109731827625004,0.9461720293737705,294.5330379542996,-4.162800651109137
2024-07-02 19:13:00+08:00,91.14993536291115,91.14993536291115,-1.1499353629111564,-1.1499353629111564,295.4830139324185,-4.164097975022742
2024-07-02 19:23:00+08:00,93.22922777776651,93.22922777776651,-3.229227777766507,-3.229227777766507,296.46998727086,-4.165395073963737
2024-07-02 19:33:00+08:00,95.29041252475018,95.29041252475018,-5.290412524750178,-5.290412524750178,297.49639682364244,-4.166691947757499
2024-07-02 19:43:00+08:00,97.33208176275691,97.33208176275691,-7.332081762756918,-7.332081762756918,298.5648558545454,-4.167988596178475
2024-07-02 19:53:00+08:00,99.35270154974027,99.35270154974027,-9.352701549740276,-9.352701549740276,299.67816088258303,-4.169285019270319
2024-07-02 20:03:00+08:00,101.35059848617745,101.35059848617745,-11.350598486177448,-11.350598486177448,300.8392989197137,-4.170581216858409
2024-07-02 20:13:00+08:00,103.32394664959213,103.32394664959213,-13.323946649592136,-13.323946649592136,302.0514539666753,-4.171877188724466
2024-07-02 20:23:00+08:00,105.27075276409626,105.27075276409626,-15.270752764096263,-15.270752764096263,303.31801098011863,-4.17317293479573
2024-07-02 20:33:00+08:00,107.18884046110973,107.18884046110973,-17.188840461109734,-17.188840461109734,304.64255681335385,-4.1744684548684745
2024-07-02 20:43:00+08:00,109.07583358279224,109.07583358279224,-19.075833582792242,-19.075833582792242,306.02887690288037,-4.17576374886994
2024-07-02 20:53:00+08:00,110.92913869233911,110.92913869233911,-20.929138692339112,-20.929138692339112,307.4809462645927,-4.177058816589124
2024-07-02 21:03:00+08:00,112.74592705549495,112.74592705549495,-22.745927055494946,-22.745927055494946,309.00291304492487,-4.178353657909611
2024-07-02 21:13:00+08:00,114.52311637166527,114.52311637166527,-24.523116371665264,-24.523116371665264,310.59907241199016,-4.179648272664053
2024-07-02 21:23:00+08:00,116.25735352851889,116.25735352851889,-26.257353528518887,-26.257353528518887,312.2738289669076,-4.180942660794244
2024-07-02 21:33:00+08:00,117.94499737322359,117.94499737322359,-27.944997373223583,-27.944997373223583,314.0316432334239,-4.182236822132836
2024-07-02 21:43:00+08:00,119.58210491208885,119.58210491208885,-29.58210491208886,-29.58210491208886,315.87696124922286,-4.183530756541586
2024-07-02 21:53:00+08:00,121.16442047582555,121.16442047582555,-31.16442047582555,-31.16442047582555,317.8141224043618,-4.184824463845871
2024-07-02 22:03:00+08:00,122.68737022790339,122.68737022790339,-32.68737022790339,-32.68737022790339,319.8472429708735,-4.186117943914724
2024-07-02 22:13:00+08:00,124.14606391739886,124.14606391739886,-34.146063917398855,-34.146063917398855,321.9800725037767,-4.1874111966535565
2024-07-02 22:23:00+08:00,125.53530623244305,125.53530623244305,-35.535306232443055,-35.535306232443055,324.21582139182715,-4.188704221851367
2024-07-02 22:33:00+08:00,126.84962038931181,126.84962038931181,-36.849620389311816,-36.849620389311816,326.55695955714947,-4.18999701939174
2024-07-02 22:43:00+08:00,128.0832866520558,128.0832866520558,-38.0832866520558,-38.0832866520558,329.0049887341219,-4.191289589100052
2024-07-02 22:53:00+08:00,129.23039895224542,129.23039895224542,-39.23039895224544,-39.23039895224544,331.5601954985216,-4.192581930983579
2024-07-02 23:03:00+08:00,130.2849406349201,130.2849406349201,-40.284940634920105,-40.284940634920105,334.22139323444685,-4.193874044736731
2024-07-02 23:13:00+08:00,131.24088236413635,131.24088236413635,-41.24088236413635,-41.24088236413635,336.98567212430544,-4.195165930315852
2024-07-02 23:23:00+08:00,132.09230090587798,132.09230090587798,-42.09230090587797,-42.09230090587797,339.8481756878788,-4.196457587560872
2024-07-02 23:33:00+08:00,132.83351732742614,132.83351732742614,-42.83351732742614,-42.83351732742614,342.8019300561619,-4.19774901628989
2024-07-02 23:43:00+08:00,133.4592501740969,133.4592501740969,-43.45925017409691,-43.45925017409691,345.8377531135749,-4.199040216430149
2024-07-02 23:53:00+08:00,133.9647766785891,133.9647766785891,-43.9647766785891,-43.9647766785891,348.9442693893893,-4.200331187828851
2024-07-03 00:03:00+08:00,134.34609264852227,134.34609264852227,-44.346092648522266,-44.346092648522266,352.1080506674858,-4.201621930260444
2024-07-03 00:13:00+08:00,134.60005991371668,134.60005991371668,-44.600059913716684,-44.600059913716684,355.31389133412904,-4.202912443535752
